Country	Subject Descriptor	Units	Scale	Country/Series-specific Notes	2017	Estimates Start After
Afghanistan	Gross domestic product based on purchasing-power-parity (PPP) per capita GDP	Current international dollar	Units	See notes for:  Gross domestic product, current prices (National currency) Population (Persons).	2,003.785	2013
Albania	Gross domestic product based on purchasing-power-parity (PPP) per capita GDP	Current international dollar	Units	See notes for:  Gross domestic product, current prices (National currency) Population (Persons).	12,456.768	2010
Algeria	Gross domestic product based on purchasing-power-parity (PPP) per capita GDP	Current international dollar	Units	See notes for:  Gross domestic product, current prices (National currency) Population (Persons).	15,245.830	2014
Angola	Gross domestic product based on purchasing-power-parity (PPP) per capita GDP	Current international dollar	Units	See notes for:  Gross domestic product, current prices (National currency) Population (Persons).	7,460.737	2014
Antigua and Barbuda	Gross domestic product based on purchasing-power-parity (PPP) per capita GDP	Current international dollar	Units	See notes for:  Gross domestic product, current prices (National currency) Population (Persons).	24,570.372	2011
Argentina	Gross domestic product based on purchasing-power-parity (PPP) per capita GDP	Current international dollar	Units	See notes for:  Gross domestic product, current prices (National currency) Population (Persons).	22,984.620	2013
Armenia	Gross domestic product based on purchasing-power-parity (PPP) per capita GDP	Current international dollar	Units	See notes for:  Gross domestic product, current prices (National currency) Population (Persons).	9,051.875	2014
Australia	Gross domestic product based on purchasing-power-parity (PPP) per capita GDP	Current international dollar	Units	See notes for:  Gross domestic product, current prices (National currency) Population (Persons).	49,481.871	2014
Austria	Gross domestic product based on purchasing-power-parity (PPP) per capita GDP	Current international dollar	Units	See notes for:  Gross domestic product, current prices (National currency) Population (Persons).	49,237.146	2015
Azerbaijan	Gross domestic product based on purchasing-power-parity (PPP) per capita GDP	Current international dollar	Units	See notes for:  Gross domestic product, current prices (National currency) Population (Persons).	17,761.014	2014
The Bahamas	Gross domestic product based on purchasing-power-parity (PPP) per capita GDP	Current international dollar	Units	See notes for:  Gross domestic product, current prices (National currency) Population (Persons).	25,958.839	2013
Bahrain	Gross domestic product based on purchasing-power-parity (PPP) per capita GDP	Current international dollar	Units	See notes for:  Gross domestic product, current prices (National currency) Population (Persons).	51,374.100	2014
Bangladesh	Gross domestic product based on purchasing-power-parity (PPP) per capita GDP	Current international dollar	Units	See notes for:  Gross domestic product, current prices (National currency) Population (Persons).	4,120.172	2013
Barbados	Gross domestic product based on purchasing-power-parity (PPP) per capita GDP	Current international dollar	Units	See notes for:  Gross domestic product, current prices (National currency) Population (Persons).	17,643.573	2010
Belarus	Gross domestic product based on purchasing-power-parity (PPP) per capita GDP	Current international dollar	Units	See notes for:  Gross domestic product, current prices (National currency) Population (Persons).	17,836.891	2013
Belgium	Gross domestic product based on purchasing-power-parity (PPP) per capita GDP	Current international dollar	Units	See notes for:  Gross domestic product, current prices (National currency) Population (Persons).	44,990.699	2014
Belize	Gross domestic product based on purchasing-power-parity (PPP) per capita GDP	Current international dollar	Units	See notes for:  Gross domestic product, current prices (National currency) Population (Persons).	8,671.892	2013
Benin	Gross domestic product based on purchasing-power-parity (PPP) per capita GDP	Current international dollar	Units	See notes for:  Gross domestic product, current prices (National currency) Population (Persons).	2,277.379	2011
Bhutan	Gross domestic product based on purchasing-power-parity (PPP) per capita GDP	Current international dollar	Units	See notes for:  Gross domestic product, current prices (National currency) Population (Persons).	9,570.405	2011
Bolivia	Gross domestic product based on purchasing-power-parity (PPP) per capita GDP	Current international dollar	Units	See notes for:  Gross domestic product, current prices (National currency) Population (Persons).	6,848.014	2012
Bosnia and Herzegovina	Gross domestic product based on purchasing-power-parity (PPP) per capita GDP	Current international dollar	Units	See notes for:  Gross domestic product, current prices (National currency) Population (Persons).	11,472.084	2014
Botswana	Gross domestic product based on purchasing-power-parity (PPP) per capita GDP	Current international dollar	Units	See notes for:  Gross domestic product, current prices (National currency) Population (Persons).	17,700.314	2008
Brazil	Gross domestic product based on purchasing-power-parity (PPP) per capita GDP	Current international dollar	Units	See notes for:  Gross domestic product, current prices (National currency) Population (Persons).	15,138.980	2014
Brunei Darussalam	Gross domestic product based on purchasing-power-parity (PPP) per capita GDP	Current international dollar	Units	See notes for:  Gross domestic product, current prices (National currency) Population (Persons).	80,048.652	2013
Bulgaria	Gross domestic product based on purchasing-power-parity (PPP) per capita GDP	Current international dollar	Units	See notes for:  Gross domestic product, current prices (National currency) Population (Persons).	20,691.398	2014
Burkina Faso	Gross domestic product based on purchasing-power-parity (PPP) per capita GDP	Current international dollar	Units	See notes for:  Gross domestic product, current prices (National currency) Population (Persons).	1,853.164	2012
Burundi	Gross domestic product based on purchasing-power-parity (PPP) per capita GDP	Current international dollar	Units	See notes for:  Gross domestic product, current prices (National currency) Population (Persons).	858.990	0
Cabo Verde	Gross domestic product based on purchasing-power-parity (PPP) per capita GDP	Current international dollar	Units	See notes for:  Gross domestic product, current prices (National currency) Population (Persons).	6,938.543	2014
Cambodia	Gross domestic product based on purchasing-power-parity (PPP) per capita GDP	Current international dollar	Units	See notes for:  Gross domestic product, current prices (National currency) Population (Persons).	3,964.733	2012
Cameroon	Gross domestic product based on purchasing-power-parity (PPP) per capita GDP	Current international dollar	Units	See notes for:  Gross domestic product, current prices (National currency) Population (Persons).	3,360.885	2010
Canada	Gross domestic product based on purchasing-power-parity (PPP) per capita GDP	Current international dollar	Units	See notes for:  Gross domestic product, current prices (National currency) Population (Persons).	47,307.155	2015
Central African Republic	Gross domestic product based on purchasing-power-parity (PPP) per capita GDP	Current international dollar	Units	See notes for:  Gross domestic product, current prices (National currency) Population (Persons).	694.630	2004
Chad	Gross domestic product based on purchasing-power-parity (PPP) per capita GDP	Current international dollar	Units	See notes for:  Gross domestic product, current prices (National currency) Population (Persons).	2,590.264	2004
Chile	Gross domestic product based on purchasing-power-parity (PPP) per capita GDP	Current international dollar	Units	See notes for:  Gross domestic product, current prices (National currency) Population (Persons).	24,382.243	2014
China	Gross domestic product based on purchasing-power-parity (PPP) per capita GDP	Current international dollar	Units	See notes for:  Gross domestic product, current prices (National currency) Population (Persons).	16,171.986	2015
Colombia	Gross domestic product based on purchasing-power-parity (PPP) per capita GDP	Current international dollar	Units	See notes for:  Gross domestic product, current prices (National currency) Population (Persons).	14,627.237	2014
Comoros	Gross domestic product based on purchasing-power-parity (PPP) per capita GDP	Current international dollar	Units	See notes for:  Gross domestic product, current prices (National currency) Population (Persons).	1,546.927	2003
Democratic Republic of the Congo	Gross domestic product based on purchasing-power-parity (PPP) per capita GDP	Current international dollar	Units	See notes for:  Gross domestic product, current prices (National currency) Population (Persons).	818.992	1983
Republic of Congo	Gross domestic product based on purchasing-power-parity (PPP) per capita GDP	Current international dollar	Units	See notes for:  Gross domestic product, current prices (National currency) Population (Persons).	7,184.245	2004
Costa Rica	Gross domestic product based on purchasing-power-parity (PPP) per capita GDP	Current international dollar	Units	See notes for:  Gross domestic product, current prices (National currency) Population (Persons).	16,784.858	2011
Côte d'Ivoire	Gross domestic product based on purchasing-power-parity (PPP) per capita GDP	Current international dollar	Units	See notes for:  Gross domestic product, current prices (National currency) Population (Persons).	3,778.738	2012
Croatia	Gross domestic product based on purchasing-power-parity (PPP) per capita GDP	Current international dollar	Units	See notes for:  Gross domestic product, current prices (National currency) Population (Persons).	23,171.337	2013
Cyprus	Gross domestic product based on purchasing-power-parity (PPP) per capita GDP	Current international dollar	Units	See notes for:  Gross domestic product, current prices (National currency) Population (Persons).	34,110.285	2014
Czech Republic	Gross domestic product based on purchasing-power-parity (PPP) per capita GDP	Current international dollar	Units	See notes for:  Gross domestic product, current prices (National currency) Population (Persons).	33,756.766	2015
Denmark	Gross domestic product based on purchasing-power-parity (PPP) per capita GDP	Current international dollar	Units	See notes for:  Gross domestic product, current prices (National currency) Population (Persons).	47,992.616	2015
Djibouti	Gross domestic product based on purchasing-power-parity (PPP) per capita GDP	Current international dollar	Units	See notes for:  Gross domestic product, current prices (National currency) Population (Persons).	3,536.710	2009
Dominica	Gross domestic product based on purchasing-power-parity (PPP) per capita GDP	Current international dollar	Units	See notes for:  Gross domestic product, current prices (National currency) Population (Persons).	11,989.569	2011
Dominican Republic	Gross domestic product based on purchasing-power-parity (PPP) per capita GDP	Current international dollar	Units	See notes for:  Gross domestic product, current prices (National currency) Population (Persons).	16,535.651	2014
Ecuador	Gross domestic product based on purchasing-power-parity (PPP) per capita GDP	Current international dollar	Units	See notes for:  Gross domestic product, current prices (National currency) Population (Persons).	10,227.317	2014
Egypt	Gross domestic product based on purchasing-power-parity (PPP) per capita GDP	Current international dollar	Units	See notes for:  Gross domestic product, current prices (National currency) Population (Persons).	12,551.879	2014
El Salvador	Gross domestic product based on purchasing-power-parity (PPP) per capita GDP	Current international dollar	Units	See notes for:  Gross domestic product, current prices (National currency) Population (Persons).	8,866.446	2007
Equatorial Guinea	Gross domestic product based on purchasing-power-parity (PPP) per capita GDP	Current international dollar	Units	See notes for:  Gross domestic product, current prices (National currency) Population (Persons).	28,015.455	2010
Eritrea	Gross domestic product based on purchasing-power-parity (PPP) per capita GDP	Current international dollar	Units	See notes for:  Gross domestic product, current prices (National currency) Population (Persons).	1,332.105	2006
Estonia	Gross domestic product based on purchasing-power-parity (PPP) per capita GDP	Current international dollar	Units	See notes for:  Gross domestic product, current prices (National currency) Population (Persons).	30,850.150	2014
Ethiopia	Gross domestic product based on purchasing-power-parity (PPP) per capita GDP	Current international dollar	Units	See notes for:  Gross domestic product, current prices (National currency) Population (Persons).	1,995.700	2008
Fiji	Gross domestic product based on purchasing-power-parity (PPP) per capita GDP	Current international dollar	Units	See notes for:  Gross domestic product, current prices (National currency) Population (Persons).	9,762.027	2013
Finland	Gross domestic product based on purchasing-power-parity (PPP) per capita GDP	Current international dollar	Units	See notes for:  Gross domestic product, current prices (National currency) Population (Persons).	42,502.256	2014
France	Gross domestic product based on purchasing-power-parity (PPP) per capita GDP	Current international dollar	Units	See notes for:  Gross domestic product, current prices (National currency) Population (Persons).	42,799.500	2015
Gabon	Gross domestic product based on purchasing-power-parity (PPP) per capita GDP	Current international dollar	Units	See notes for:  Gross domestic product, current prices (National currency) Population (Persons).	20,008.436	0
The Gambia	Gross domestic product based on purchasing-power-parity (PPP) per capita GDP	Current international dollar	Units	See notes for:  Gross domestic product, current prices (National currency) Population (Persons).	1,687.261	2010
Georgia	Gross domestic product based on purchasing-power-parity (PPP) per capita GDP	Current international dollar	Units	See notes for:  Gross domestic product, current prices (National currency) Population (Persons).	10,633.649	2013
Germany	Gross domestic product based on purchasing-power-parity (PPP) per capita GDP	Current international dollar	Units	See notes for:  Gross domestic product, current prices (National currency) Population (Persons).	48,835.998	2014
Ghana	Gross domestic product based on purchasing-power-parity (PPP) per capita GDP	Current international dollar	Units	See notes for:  Gross domestic product, current prices (National currency) Population (Persons).	4,674.620	0
Greece	Gross domestic product based on purchasing-power-parity (PPP) per capita GDP	Current international dollar	Units	See notes for:  Gross domestic product, current prices (National currency) Population (Persons).	27,752.700	2014
Grenada	Gross domestic product based on purchasing-power-parity (PPP) per capita GDP	Current international dollar	Units	See notes for:  Gross domestic product, current prices (National currency) Population (Persons).	14,073.955	2011
Guatemala	Gross domestic product based on purchasing-power-parity (PPP) per capita GDP	Current international dollar	Units	See notes for:  Gross domestic product, current prices (National currency) Population (Persons).	8,147.002	2010
Guinea	Gross domestic product based on purchasing-power-parity (PPP) per capita GDP	Current international dollar	Units	See notes for:  Gross domestic product, current prices (National currency) Population (Persons).	1,296.789	2009
Guinea-Bissau	Gross domestic product based on purchasing-power-parity (PPP) per capita GDP	Current international dollar	Units	See notes for:  Gross domestic product, current prices (National currency) Population (Persons).	1,623.610	2004
Guyana	Gross domestic product based on purchasing-power-parity (PPP) per capita GDP	Current international dollar	Units	See notes for:  Gross domestic product, current prices (National currency) Population (Persons).	8,174.431	2002
Haiti	Gross domestic product based on purchasing-power-parity (PPP) per capita GDP	Current international dollar	Units	See notes for:  Gross domestic product, current prices (National currency) Population (Persons).	1,844.652	0
Honduras	Gross domestic product based on purchasing-power-parity (PPP) per capita GDP	Current international dollar	Units	See notes for:  Gross domestic product, current prices (National currency) Population (Persons).	5,136.997	2001
Hong Kong SAR	Gross domestic product based on purchasing-power-parity (PPP) per capita GDP	Current international dollar	Units	See notes for:  Gross domestic product, current prices (National currency) Population (Persons).	59,997.991	2015
Hungary	Gross domestic product based on purchasing-power-parity (PPP) per capita GDP	Current international dollar	Units	See notes for:  Gross domestic product, current prices (National currency) Population (Persons).	28,254.757	2015
Iceland	Gross domestic product based on purchasing-power-parity (PPP) per capita GDP	Current international dollar	Units	See notes for:  Gross domestic product, current prices (National currency) Population (Persons).	49,723.731	2014
India	Gross domestic product based on purchasing-power-parity (PPP) per capita GDP	Current international dollar	Units	See notes for:  Gross domestic product, current prices (National currency) Population (Persons).	7,098.050	2013
Indonesia	Gross domestic product based on purchasing-power-parity (PPP) per capita GDP	Current international dollar	Units	See notes for:  Gross domestic product, current prices (National currency) Population (Persons).	12,258.793	2014
Islamic Republic of Iran	Gross domestic product based on purchasing-power-parity (PPP) per capita GDP	Current international dollar	Units	See notes for:  Gross domestic product, current prices (National currency) Population (Persons).	18,591.033	2012
Iraq	Gross domestic product based on purchasing-power-parity (PPP) per capita GDP	Current international dollar	Units	See notes for:  Gross domestic product, current prices (National currency) Population (Persons).	16,661.618	2013
Ireland	Gross domestic product based on purchasing-power-parity (PPP) per capita GDP	Current international dollar	Units	See notes for:  Gross domestic product, current prices (National currency) Population (Persons).	60,818.862	2014
Israel	Gross domestic product based on purchasing-power-parity (PPP) per capita GDP	Current international dollar	Units	See notes for:  Gross domestic product, current prices (National currency) Population (Persons).	35,260.750	2015
Italy	Gross domestic product based on purchasing-power-parity (PPP) per capita GDP	Current international dollar	Units	See notes for:  Gross domestic product, current prices (National currency) Population (Persons).	36,989.914	2015
Jamaica	Gross domestic product based on purchasing-power-parity (PPP) per capita GDP	Current international dollar	Units	See notes for:  Gross domestic product, current prices (National currency) Population (Persons).	9,297.115	2014
Japan	Gross domestic product based on purchasing-power-parity (PPP) per capita GDP	Current international dollar	Units	See notes for:  Gross domestic product, current prices (National currency) Population (Persons).	39,378.941	2015
Jordan	Gross domestic product based on purchasing-power-parity (PPP) per capita GDP	Current international dollar	Units	See notes for:  Gross domestic product, current prices (National currency) Population (Persons).	12,709.857	2014
Kazakhstan	Gross domestic product based on purchasing-power-parity (PPP) per capita GDP	Current international dollar	Units	See notes for:  Gross domestic product, current prices (National currency) Population (Persons).	24,402.736	2014
Kenya	Gross domestic product based on purchasing-power-parity (PPP) per capita GDP	Current international dollar	Units	See notes for:  Gross domestic product, current prices (National currency) Population (Persons).	3,493.695	2013
Kiribati	Gross domestic product based on purchasing-power-parity (PPP) per capita GDP	Current international dollar	Units	See notes for:  Gross domestic product, current prices (National currency) Population (Persons).	1,850.580	2013
Korea	Gross domestic product based on purchasing-power-parity (PPP) per capita GDP	Current international dollar	Units	See notes for:  Gross domestic product, current prices (National currency) Population (Persons).	39,156.417	2014
Kosovo	Gross domestic product based on purchasing-power-parity (PPP) per capita GDP	Current international dollar	Units			
Kuwait	Gross domestic product based on purchasing-power-parity (PPP) per capita GDP	Current international dollar	Units	See notes for:  Gross domestic product, current prices (National currency) Population (Persons).	71,432.801	2014
Kyrgyz Republic	Gross domestic product based on purchasing-power-parity (PPP) per capita GDP	Current international dollar	Units	See notes for:  Gross domestic product, current prices (National currency) Population (Persons).	3,561.568	2012
Lao P.D.R.	Gross domestic product based on purchasing-power-parity (PPP) per capita GDP	Current international dollar	Units	See notes for:  Gross domestic product, current prices (National currency) Population (Persons).	6,036.961	2012
Latvia	Gross domestic product based on purchasing-power-parity (PPP) per capita GDP	Current international dollar	Units	See notes for:  Gross domestic product, current prices (National currency) Population (Persons).	27,333.258	2015
Lebanon	Gross domestic product based on purchasing-power-parity (PPP) per capita GDP	Current international dollar	Units	See notes for:  Gross domestic product, current prices (National currency) Population (Persons).	18,872.476	2012
Lesotho	Gross domestic product based on purchasing-power-parity (PPP) per capita GDP	Current international dollar	Units	See notes for:  Gross domestic product, current prices (National currency) Population (Persons).	3,248.399	2006
Liberia	Gross domestic product based on purchasing-power-parity (PPP) per capita GDP	Current international dollar	Units	See notes for:  Gross domestic product, current prices (National currency) Population (Persons).	914.243	2009
Libya	Gross domestic product based on purchasing-power-parity (PPP) per capita GDP	Current international dollar	Units	See notes for:  Gross domestic product, current prices (National currency) Population (Persons).	16,165.126	2014
Lithuania	Gross domestic product based on purchasing-power-parity (PPP) per capita GDP	Current international dollar	Units	See notes for:  Gross domestic product, current prices (National currency) Population (Persons).	31,386.107	2015
Luxembourg	Gross domestic product based on purchasing-power-parity (PPP) per capita GDP	Current international dollar	Units	See notes for:  Gross domestic product, current prices (National currency) Population (Persons).	103,388.237	2014
Macao SAR	Gross domestic product based on purchasing-power-parity (PPP) per capita GDP	Current international dollar	Units	See notes for:  Gross domestic product, current prices (National currency) Population (Persons).	85,609.728	2015
FYR Macedonia	Gross domestic product based on purchasing-power-parity (PPP) per capita GDP	Current international dollar	Units	See notes for:  Gross domestic product, current prices (National currency) Population (Persons).	15,341.158	2014
Madagascar	Gross domestic product based on purchasing-power-parity (PPP) per capita GDP	Current international dollar	Units	See notes for:  Gross domestic product, current prices (National currency) Population (Persons).	1,540.765	2006
Malawi	Gross domestic product based on purchasing-power-parity (PPP) per capita GDP	Current international dollar	Units	See notes for:  Gross domestic product, current prices (National currency) Population (Persons).	1,164.734	2011
Malaysia	Gross domestic product based on purchasing-power-parity (PPP) per capita GDP	Current international dollar	Units	See notes for:  Gross domestic product, current prices (National currency) Population (Persons).	28,497.681	2014
Maldives	Gross domestic product based on purchasing-power-parity (PPP) per capita GDP	Current international dollar	Units	See notes for:  Gross domestic product, current prices (National currency) Population (Persons).	15,895.819	2006
Mali	Gross domestic product based on purchasing-power-parity (PPP) per capita GDP	Current international dollar	Units	See notes for:  Gross domestic product, current prices (National currency) Population (Persons).	2,335.112	2010
Malta	Gross domestic product based on purchasing-power-parity (PPP) per capita GDP	Current international dollar	Units	See notes for:  Gross domestic product, current prices (National currency) Population (Persons).	39106.625	2014
Marshall Islands	Gross domestic product based on purchasing-power-parity (PPP) per capita GDP	Current international dollar	Units	See notes for:  Gross domestic product, current prices (National currency) Population (Persons).	3,298.757	2013
Mauritania	Gross domestic product based on purchasing-power-parity (PPP) per capita GDP	Current international dollar	Units	See notes for:  Gross domestic product, current prices (National currency) Population (Persons).	4,647.114	2012
Mauritius	Gross domestic product based on purchasing-power-parity (PPP) per capita GDP	Current international dollar	Units	See notes for:  Gross domestic product, current prices (National currency) Population (Persons).	21,538.254	2014
Mexico	Gross domestic product based on purchasing-power-parity (PPP) per capita GDP	Current international dollar	Units	See notes for:  Gross domestic product, current prices (National currency) Population (Persons).	18,392.290	2015
Micronesia	Gross domestic product based on purchasing-power-parity (PPP) per capita GDP	Current international dollar	Units	See notes for:  Gross domestic product, current prices (National currency) Population (Persons).	3,079.920	2013
Moldova	Gross domestic product based on purchasing-power-parity (PPP) per capita GDP	Current international dollar	Units	See notes for:  Gross domestic product, current prices (National currency) Population (Persons).	5,288.405	2015
Mongolia	Gross domestic product based on purchasing-power-parity (PPP) per capita GDP	Current international dollar	Units	See notes for:  Gross domestic product, current prices (National currency) Population (Persons).	12,426.635	2014
Montenegro	Gross domestic product based on purchasing-power-parity (PPP) per capita GDP	Current international dollar	Units	See notes for:  Gross domestic product, current prices (National currency) Population (Persons).	17,673.120	2014
Morocco	Gross domestic product based on purchasing-power-parity (PPP) per capita GDP	Current international dollar	Units	See notes for:  Gross domestic product, current prices (National currency) Population (Persons).	8,730.520	2014
Mozambique	Gross domestic product based on purchasing-power-parity (PPP) per capita GDP	Current international dollar	Units	See notes for:  Gross domestic product, current prices (National currency) Population (Persons).	1,302.133	2013
Myanmar	Gross domestic product based on purchasing-power-parity (PPP) per capita GDP	Current international dollar	Units	See notes for:  Gross domestic product, current prices (National currency) Population (Persons).	6,451.462	2007
Namibia	Gross domestic product based on purchasing-power-parity (PPP) per capita GDP	Current international dollar	Units	See notes for:  Gross domestic product, current prices (National currency) Population (Persons).	12,668.761	2008
Nepal	Gross domestic product based on purchasing-power-parity (PPP) per capita GDP	Current international dollar	Units	See notes for:  Gross domestic product, current prices (National currency) Population (Persons).	2,590.548	2012
Netherlands	Gross domestic product based on purchasing-power-parity (PPP) per capita GDP	Current international dollar	Units	See notes for:  Gross domestic product, current prices (National currency) Population (Persons).	51,885.665	2014
New Zealand	Gross domestic product based on purchasing-power-parity (PPP) per capita GDP	Current international dollar	Units	See notes for:  Gross domestic product, current prices (National currency) Population (Persons).	38,075.257	2015
Nicaragua	Gross domestic product based on purchasing-power-parity (PPP) per capita GDP	Current international dollar	Units	See notes for:  Gross domestic product, current prices (National currency) Population (Persons).	5,451.378	2013
Niger	Gross domestic product based on purchasing-power-parity (PPP) per capita GDP	Current international dollar	Units	See notes for:  Gross domestic product, current prices (National currency) Population (Persons).	1,166.241	2009
Nigeria	Gross domestic product based on purchasing-power-parity (PPP) per capita GDP	Current international dollar	Units	See notes for:  Gross domestic product, current prices (National currency) Population (Persons).	6,270.294	2012
Norway	Gross domestic product based on purchasing-power-parity (PPP) per capita GDP	Current international dollar	Units	See notes for:  Gross domestic product, current prices (National currency) Population (Persons).	70,066.248	2015
Oman	Gross domestic product based on purchasing-power-parity (PPP) per capita GDP	Current international dollar	Units	See notes for:  Gross domestic product, current prices (National currency) Population (Persons).	44,555.518	2012
Pakistan	Gross domestic product based on purchasing-power-parity (PPP) per capita GDP	Current international dollar	Units	See notes for:  Gross domestic product, current prices (National currency) Population (Persons).	5,385.477	2015
Palau	Gross domestic product based on purchasing-power-parity (PPP) per capita GDP	Current international dollar	Units	See notes for:  Gross domestic product, current prices (National currency) Population (Persons).	16,318.330	2014
Panama	Gross domestic product based on purchasing-power-parity (PPP) per capita GDP	Current international dollar	Units	See notes for:  Gross domestic product, current prices (National currency) Population (Persons).	24,176.747	2013
Papua New Guinea	Gross domestic product based on purchasing-power-parity (PPP) per capita GDP	Current international dollar	Units	See notes for:  Gross domestic product, current prices (National currency) Population (Persons).	2,781.888	2012
Paraguay	Gross domestic product based on purchasing-power-parity (PPP) per capita GDP	Current international dollar	Units	See notes for:  Gross domestic product, current prices (National currency) Population (Persons).	9,181.630	2014
Peru	Gross domestic product based on purchasing-power-parity (PPP) per capita GDP	Current international dollar	Units	See notes for:  Gross domestic product, current prices (National currency) Population (Persons).	13,077.160	2015
Philippines	Gross domestic product based on purchasing-power-parity (PPP) per capita GDP	Current international dollar	Units	See notes for:  Gross domestic product, current prices (National currency) Population (Persons).	8,035.337	2015
Poland	Gross domestic product based on purchasing-power-parity (PPP) per capita GDP	Current international dollar	Units	See notes for:  Gross domestic product, current prices (National currency) Population (Persons).	29,065.496	2014
Portugal	Gross domestic product based on purchasing-power-parity (PPP) per capita GDP	Current international dollar	Units	See notes for:  Gross domestic product, current prices (National currency) Population (Persons).	29,215.163	2014
Puerto Rico	Gross domestic product based on purchasing-power-parity (PPP) per capita GDP	Current international dollar	Units	See notes for:  Gross domestic product, current prices (National currency) Population (Persons).	37,855.631	2014
Qatar	Gross domestic product based on purchasing-power-parity (PPP) per capita GDP	Current international dollar	Units	See notes for:  Gross domestic product, current prices (National currency) Population (Persons).	129,959.025	2014
Romania	Gross domestic product based on purchasing-power-parity (PPP) per capita GDP	Current international dollar	Units	See notes for:  Gross domestic product, current prices (National currency) Population (Persons).	23,071.450	2015
Russia	Gross domestic product based on purchasing-power-parity (PPP) per capita GDP	Current international dollar	Units	See notes for:  Gross domestic product, current prices (National currency) Population (Persons).	25,740.366	2015
Rwanda	Gross domestic product based on purchasing-power-parity (PPP) per capita GDP	Current international dollar	Units	See notes for:  Gross domestic product, current prices (National currency) Population (Persons).	1,994.876	2012
Samoa	Gross domestic product based on purchasing-power-parity (PPP) per capita GDP	Current international dollar	Units	See notes for:  Gross domestic product, current prices (National currency) Population (Persons).	5,272.600	2011
San Marino	Gross domestic product based on purchasing-power-parity (PPP) per capita GDP	Current international dollar	Units	See notes for:  Gross domestic product, current prices (National currency) Population (Persons).	66,180.687	2014
São Tomé and Príncipe	Gross domestic product based on purchasing-power-parity (PPP) per capita GDP	Current international dollar	Units	See notes for:  Gross domestic product, current prices (National currency) Population (Persons).	3,509.347	2011
Saudi Arabia	Gross domestic product based on purchasing-power-parity (PPP) per capita GDP	Current international dollar	Units	See notes for:  Gross domestic product, current prices (National currency) Population (Persons).	54,424.994	2010
Senegal	Gross domestic product based on purchasing-power-parity (PPP) per capita GDP	Current international dollar	Units	See notes for:  Gross domestic product, current prices (National currency) Population (Persons).	2,698.567	2011
Serbia	Gross domestic product based on purchasing-power-parity (PPP) per capita GDP	Current international dollar	Units	See notes for:  Gross domestic product, current prices (National currency) Population (Persons).	14,561.335	2014
Seychelles	Gross domestic product based on purchasing-power-parity (PPP) per capita GDP	Current international dollar	Units	See notes for:  Gross domestic product, current prices (National currency) Population (Persons).	28,375.869	2013
Sierra Leone	Gross domestic product based on purchasing-power-parity (PPP) per capita GDP	Current international dollar	Units	See notes for:  Gross domestic product, current prices (National currency) Population (Persons).	1,626.034	2014
Singapore	Gross domestic product based on purchasing-power-parity (PPP) per capita GDP	Current international dollar	Units	See notes for:  Gross domestic product, current prices (National currency) Population (Persons).	89,276.246	2014
Slovak Republic	Gross domestic product based on purchasing-power-parity (PPP) per capita GDP	Current international dollar	Units	See notes for:  Gross domestic product, current prices (National currency) Population (Persons).	32,514.733	2015
Slovenia	Gross domestic product based on purchasing-power-parity (PPP) per capita GDP	Current international dollar	Units	See notes for:  Gross domestic product, current prices (National currency) Population (Persons).	32,940.341	2015
Solomon Islands	Gross domestic product based on purchasing-power-parity (PPP) per capita GDP	Current international dollar	Units	See notes for:  Gross domestic product, current prices (National currency) Population (Persons).	2,033.141	2014
South Africa	Gross domestic product based on purchasing-power-parity (PPP) per capita GDP	Current international dollar	Units	See notes for:  Gross domestic product, current prices (National currency) Population (Persons).	13,297.595	2014
South Sudan	Gross domestic product based on purchasing-power-parity (PPP) per capita GDP	Current international dollar	Units	See notes for:  Gross domestic product, current prices (National currency) Population (Persons).	1,841.463	2008
Spain	Gross domestic product based on purchasing-power-parity (PPP) per capita GDP	Current international dollar	Units	See notes for:  Gross domestic product, current prices (National currency) Population (Persons).	37,522.571	2014
Sri Lanka	Gross domestic product based on purchasing-power-parity (PPP) per capita GDP	Current international dollar	Units	See notes for:  Gross domestic product, current prices (National currency) Population (Persons).	11,764.555	2012
St. Kitts and Nevis	Gross domestic product based on purchasing-power-parity (PPP) per capita GDP	Current international dollar	Units	See notes for:  Gross domestic product, current prices (National currency) Population (Persons).	26,682.867	2003
St. Lucia	Gross domestic product based on purchasing-power-parity (PPP) per capita GDP	Current international dollar	Units	See notes for:  Gross domestic product, current prices (National currency) Population (Persons).	12,264.354	2012
St. Vincent and the Grenadines	Gross domestic product based on purchasing-power-parity (PPP) per capita GDP	Current international dollar	Units	See notes for:  Gross domestic product, current prices (National currency) Population (Persons).	11,790.680	2014
Sudan	Gross domestic product based on purchasing-power-parity (PPP) per capita GDP	Current international dollar	Units	See notes for:  Gross domestic product, current prices (National currency) Population (Persons).	4,519.577	2010
Suriname	Gross domestic product based on purchasing-power-parity (PPP) per capita GDP	Current international dollar	Units	See notes for:  Gross domestic product, current prices (National currency) Population (Persons).	16,458.290	2011
Swaziland	Gross domestic product based on purchasing-power-parity (PPP) per capita GDP	Current international dollar	Units	See notes for:  Gross domestic product, current prices (National currency) Population (Persons).	8,574.107	2014
Sweden	Gross domestic product based on purchasing-power-parity (PPP) per capita GDP	Current international dollar	Units	See notes for:  Gross domestic product, current prices (National currency) Population (Persons).	50,757.315	2014
Switzerland	Gross domestic product based on purchasing-power-parity (PPP) per capita GDP	Current international dollar	Units	See notes for:  Gross domestic product, current prices (National currency) Population (Persons).	60,501.186	2015
Syria	Gross domestic product based on purchasing-power-parity (PPP) per capita GDP	Current international dollar	Units	See notes for:  Gross domestic product, current prices (National currency) Population (Persons).	n/a	2010
Taiwan Province of China	Gross domestic product based on purchasing-power-parity (PPP) per capita GDP	Current international dollar	Units	See notes for:  Gross domestic product, current prices (National currency) Population (Persons).	49,399.523	2015
Tajikistan	Gross domestic product based on purchasing-power-parity (PPP) per capita GDP	Current international dollar	Units	See notes for:  Gross domestic product, current prices (National currency) Population (Persons).	2,878.420	2014
Tanzania	Gross domestic product based on purchasing-power-parity (PPP) per capita GDP	Current international dollar	Units	See notes for:  Gross domestic product, current prices (National currency) Population (Persons).	3,261.554	2012
Thailand	Gross domestic product based on purchasing-power-parity (PPP) per capita GDP	Current international dollar	Units	See notes for:  Gross domestic product, current prices (National currency) Population (Persons).	17,454.056	2014
Timor-Leste	Gross domestic product based on purchasing-power-parity (PPP) per capita GDP	Current international dollar	Units	See notes for:  Gross domestic product, current prices (National currency) Population (Persons).	4,421.247	2011
Togo	Gross domestic product based on purchasing-power-parity (PPP) per capita GDP	Current international dollar	Units	See notes for:  Gross domestic product, current prices (National currency) Population (Persons).	1,592.456	2010
Tonga	Gross domestic product based on purchasing-power-parity (PPP) per capita GDP	Current international dollar	Units	See notes for:  Gross domestic product, current prices (National currency) Population (Persons).	5,420.477	2012
Trinidad and Tobago	Gross domestic product based on purchasing-power-parity (PPP) per capita GDP	Current international dollar	Units	See notes for:  Gross domestic product, current prices (National currency) Population (Persons).	33,297.827	2012
Tunisia	Gross domestic product based on purchasing-power-parity (PPP) per capita GDP	Current international dollar	Units	See notes for:  Gross domestic product, current prices (National currency) Population (Persons).	12,044.120	2010
Turkey	Gross domestic product based on purchasing-power-parity (PPP) per capita GDP	Current international dollar	Units	See notes for:  Gross domestic product, current prices (National currency) Population (Persons).	22,002.647	2013
Turkmenistan	Gross domestic product based on purchasing-power-parity (PPP) per capita GDP	Current international dollar	Units	See notes for:  Gross domestic product, current prices (National currency) Population (Persons).	17,837.246	2004
Tuvalu	Gross domestic product based on purchasing-power-parity (PPP) per capita GDP	Current international dollar	Units	See notes for:  Gross domestic product, current prices (National currency) Population (Persons).	3,649.444	2012
Uganda	Gross domestic product based on purchasing-power-parity (PPP) per capita GDP	Current international dollar	Units	See notes for:  Gross domestic product, current prices (National currency) Population (Persons).	2,149.686	2014
Ukraine	Gross domestic product based on purchasing-power-parity (PPP) per capita GDP	Current international dollar	Units	See notes for:  Gross domestic product, current prices (National currency) Population (Persons).	8526.919	2015
United Arab Emirates	Gross domestic product based on purchasing-power-parity (PPP) per capita GDP	Current international dollar	Units	See notes for:  Gross domestic product, current prices (National currency) Population (Persons).	68,717.029	2010
United Kingdom	Gross domestic product based on purchasing-power-parity (PPP) per capita GDP	Current international dollar	Units	See notes for:  Gross domestic product, current prices (National currency) Population (Persons).	43,267.778	2015
United States	Gross domestic product based on purchasing-power-parity (PPP) per capita GDP	Current international dollar	Units	See notes for:  Gross domestic product, current prices (National currency) Population (Persons).	58,952.025	2015
Uruguay	Gross domestic product based on purchasing-power-parity (PPP) per capita GDP	Current international dollar	Units	See notes for:  Gross domestic product, current prices (National currency) Population (Persons).	22,748.213	2014
Uzbekistan	Gross domestic product based on purchasing-power-parity (PPP) per capita GDP	Current international dollar	Units	See notes for:  Gross domestic product, current prices (National currency) Population (Persons).	6,721.563	2013
Vanuatu	Gross domestic product based on purchasing-power-parity (PPP) per capita GDP	Current international dollar	Units	See notes for:  Gross domestic product, current prices (National currency) Population (Persons).	2,710.584	2014
Venezuela	Gross domestic product based on purchasing-power-parity (PPP) per capita GDP	Current international dollar	Units	See notes for:  Gross domestic product, current prices (National currency) Population (Persons).	14,539.054	2010
Vietnam	Gross domestic product based on purchasing-power-parity (PPP) per capita GDP	Current international dollar	Units	See notes for:  Gross domestic product, current prices (National currency) Population (Persons).	6,818.893	2012
Yemen	Gross domestic product based on purchasing-power-parity (PPP) per capita GDP	Current international dollar	Units	See notes for:  Gross domestic product, current prices (National currency) Population (Persons).	2,906.889	2008
Zambia	Gross domestic product based on purchasing-power-parity (PPP) per capita GDP	Current international dollar	Units	See notes for:  Gross domestic product, current prices (National currency) Population (Persons).	4,035.842	2010
Zimbabwe	Gross domestic product based on purchasing-power-parity (PPP) per capita GDP	Current international dollar	Units	See notes for:  Gross domestic product, current prices (National currency) Population (Persons).	2,231.698	2012

International Monetary Fund, World Economic Outlook Database, April 2016